{"cameraMode":{"drawMode":0,"name":"Shaded","section":"Shading Mode"},"sceneLighting":false,"audioPlay":false,"sceneViewState":{"showFog":true,"showMaterialUpdate":true,"showSkybox":false,"showFlares":true,"showImageEffects":true,"showParticleSystems":true},"in2DMode":false,"pivot":{"x":4.904661178588867,"y":32.13155746459961,"z":16.484834671020509},"rotation":{"x":-0.2574632465839386,"y":0.12760761380195619,"z":-0.03536156937479973,"w":-0.9574987888336182},"size":58.696807861328128,"orthographic":false}