{"cameraMode":{"drawMode":0,"name":"Shaded","section":"Shading Mode"},"sceneLighting":false,"audioPlay":false,"sceneViewState":{"showFog":true,"showMaterialUpdate":true,"showSkybox":false,"showFlares":true,"showImageEffects":true,"showParticleSystems":true},"in2DMode":false,"pivot":{"x":-13.281000137329102,"y":0.9385178685188294,"z":-0.04233697056770325},"rotation":{"x":-0.036943405866622928,"y":0.9312666654586792,"z":-0.10162155330181122,"w":-0.3485705554485321},"size":1.4341228008270264,"orthographic":false}