{"cameraMode":{"drawMode":0,"name":"Shaded","section":"Shading Mode"},"sceneLighting":false,"audioPlay":false,"sceneViewState":{"showFog":true,"showMaterialUpdate":true,"showSkybox":false,"showFlares":true,"showImageEffects":true,"showParticleSystems":true},"in2DMode":false,"pivot":{"x":2.384185791015625e-7,"y":1.2119107246398926,"z":-0.029090464115142823},"rotation":{"x":-0.036943405866622928,"y":0.9312666654586792,"z":-0.10162155330181122,"w":-0.3485705554485321},"size":2.4398410320281984,"orthographic":false}