{"cameraMode":{"drawMode":0,"name":"Shaded","section":"Shading Mode"},"sceneLighting":false,"audioPlay":false,"sceneViewState":{"showFog":true,"showMaterialUpdate":true,"showSkybox":true,"showFlares":true,"showImageEffects":true,"showParticleSystems":true},"in2DMode":false,"pivot":{"x":6.979733943939209,"y":7.482337951660156,"z":-6.189196586608887},"rotation":{"x":-0.22499863803386689,"y":0.7042340636253357,"z":-0.2568199634552002,"w":-0.6230597496032715},"size":4.722354412078857,"orthographic":false}