{"cameraMode":{"drawMode":0,"name":"Shaded","section":"Shading Mode"},"sceneLighting":false,"audioPlay":false,"sceneViewState":{"showFog":true,"showMaterialUpdate":true,"showSkybox":false,"showFlares":true,"showImageEffects":true,"showParticleSystems":true},"in2DMode":false,"pivot":{"x":-32.95783233642578,"y":102.65350341796875,"z":103.47773742675781},"rotation":{"x":-0.2574632465839386,"y":0.12760761380195619,"z":-0.03536156937479973,"w":-0.9574987888336182},"size":284.4819030761719,"orthographic":false}