{"cameraMode":{"drawMode":0,"name":"Shaded","section":"Shading Mode"},"sceneLighting":false,"audioPlay":false,"sceneViewState":{"showFog":true,"showMaterialUpdate":true,"showSkybox":false,"showFlares":true,"showImageEffects":true,"showParticleSystems":true},"in2DMode":false,"pivot":{"x":0.13147640228271485,"y":-0.18570494651794434,"z":0.8791627883911133},"rotation":{"x":-0.11836208403110504,"y":0.6451255679130554,"z":-0.10346727073192597,"w":-0.7481433749198914},"size":3.6000170707702638,"orthographic":false}