{"cameraMode":{"drawMode":0,"name":"Shaded","section":"Shading Mode"},"sceneLighting":false,"audioPlay":false,"sceneViewState":{"showFog":true,"showMaterialUpdate":true,"showSkybox":false,"showFlares":true,"showImageEffects":true,"showParticleSystems":true},"in2DMode":false,"pivot":{"x":-1.61928129196167,"y":-0.5997124910354614,"z":-0.8052589297294617},"rotation":{"x":0.07203211635351181,"y":-0.8708388805389404,"z":0.13639384508132935,"w":0.46740978956222536},"size":1.5621769428253174,"orthographic":false}