{"cameraMode":{"drawMode":0,"name":"Shaded","section":"Shading Mode"},"sceneLighting":false,"audioPlay":false,"sceneViewState":{"showFog":true,"showMaterialUpdate":true,"showSkybox":false,"showFlares":true,"showImageEffects":true,"showParticleSystems":true},"in2DMode":false,"pivot":{"x":-0.034532446414232257,"y":-0.02465769648551941,"z":-0.036117419600486758},"rotation":{"x":-0.2158171534538269,"y":0.4379163086414337,"z":-0.11047817766666413,"w":-0.866058886051178},"size":0.24352924525737763,"orthographic":false}