{"cameraMode":{"drawMode":0,"name":"Shaded","section":"Shading Mode"},"sceneLighting":false,"audioPlay":false,"sceneViewState":{"showFog":true,"showMaterialUpdate":true,"showSkybox":false,"showFlares":true,"showImageEffects":true,"showParticleSystems":true},"in2DMode":false,"pivot":{"x":0.0,"y":-0.012477114796638489,"z":0.1003635823726654},"rotation":{"x":-0.1117093488574028,"y":-0.8014031052589417,"z":0.15517598390579225,"w":-0.567370593547821},"size":0.24713964760303498,"orthographic":false}