{"cameraMode":{"drawMode":0,"name":"Shaded","section":"Shading Mode"},"sceneLighting":false,"audioPlay":false,"sceneViewState":{"showFog":true,"showMaterialUpdate":true,"showSkybox":true,"showFlares":true,"showImageEffects":true,"showParticleSystems":true},"in2DMode":false,"pivot":{"x":1.6315298080444337,"y":-0.8788489699363709,"z":0.22961793839931489},"rotation":{"x":-0.1902056336402893,"y":-0.7532516121864319,"z":0.24502789974212647,"w":-0.58040851354599},"size":2.696258783340454,"orthographic":false}