{"cameraMode":{"drawMode":0,"name":"Shaded","section":"Shading Mode"},"sceneLighting":false,"audioPlay":false,"sceneViewState":{"showFog":true,"showMaterialUpdate":true,"showSkybox":false,"showFlares":true,"showImageEffects":true,"showParticleSystems":true},"in2DMode":false,"pivot":{"x":15.056812286376954,"y":46.80982971191406,"z":-13.115792274475098},"rotation":{"x":-0.11049412935972214,"y":0.8140002489089966,"z":-0.16673041880130769,"w":-0.5459100008010864},"size":120.62338256835938,"orthographic":false}