{"cameraMode":{"drawMode":0,"name":"Shaded","section":"Shading Mode"},"sceneLighting":false,"audioPlay":false,"sceneViewState":{"showFog":true,"showMaterialUpdate":true,"showSkybox":false,"showFlares":true,"showImageEffects":true,"showParticleSystems":true},"in2DMode":false,"pivot":{"x":0.36322304606437685,"y":0.013503777794539929,"z":0.009041470475494862},"rotation":{"x":0.00685433205217123,"y":-0.9769220352172852,"z":0.21166791021823884,"w":0.03858311101794243},"size":0.4388321042060852,"orthographic":false}