{"cameraMode":{"drawMode":0,"name":"Shaded","section":"Shading Mode"},"sceneLighting":false,"audioPlay":false,"sceneViewState":{"showFog":true,"showMaterialUpdate":true,"showSkybox":false,"showFlares":true,"showImageEffects":true,"showParticleSystems":true},"in2DMode":false,"pivot":{"x":-0.7576048970222473,"y":0.7395038604736328,"z":-0.6232646703720093},"rotation":{"x":0.04166300967335701,"y":0.9591943621635437,"z":-0.18506889045238496,"w":0.2107408195734024},"size":1.4619486331939698,"orthographic":false}