{"cameraMode":{"drawMode":0,"name":"Shaded","section":"Shading Mode"},"sceneLighting":false,"audioPlay":false,"sceneViewState":{"showFog":true,"showMaterialUpdate":true,"showSkybox":false,"showFlares":true,"showImageEffects":true,"showParticleSystems":true},"in2DMode":false,"pivot":{"x":-0.22698627412319184,"y":-0.390483021736145,"z":0.6361532211303711},"rotation":{"x":-0.26422199606895449,"y":0.0004690584319178015,"z":-0.001169657101854682,"w":-0.9647854566574097},"size":1.2621769905090333,"orthographic":false}