{"cameraMode":{"drawMode":0,"name":"Shaded","section":"Shading Mode"},"sceneLighting":true,"audioPlay":false,"sceneViewState":{"showFog":true,"showMaterialUpdate":true,"showSkybox":true,"showFlares":true,"showImageEffects":true,"showParticleSystems":true},"in2DMode":false,"pivot":{"x":-4.113508701324463,"y":-1.866166591644287,"z":-4.252406120300293},"rotation":{"x":-0.09470540285110474,"y":0.8764117956161499,"z":-0.19428673386573792,"w":-0.43082356452941897},"size":3.5660252571105959,"orthographic":false}