{"cameraMode":{"drawMode":0,"name":"Shaded","section":"Shading Mode"},"sceneLighting":false,"audioPlay":false,"sceneViewState":{"showFog":true,"showMaterialUpdate":true,"showSkybox":true,"showFlares":true,"showImageEffects":true,"showParticleSystems":true},"in2DMode":false,"pivot":{"x":2.601518154144287,"y":0.40203332901000979,"z":2.156179666519165},"rotation":{"x":-0.18678848445415498,"y":-0.5320998430252075,"z":0.12001647800207138,"w":-0.8174400925636292},"size":2.9308321475982668,"orthographic":false}