{"cameraMode":{"drawMode":0,"name":"Shaded","section":"Shading Mode"},"sceneLighting":false,"audioPlay":false,"sceneViewState":{"showFog":true,"showMaterialUpdate":true,"showSkybox":false,"showFlares":true,"showImageEffects":true,"showParticleSystems":true},"in2DMode":false,"pivot":{"x":-22.08584976196289,"y":-9.19796371459961,"z":-0.004277684260159731},"rotation":{"x":-0.13318318128585816,"y":0.6902690529823303,"z":-0.13303518295288087,"w":-0.6990816593170166},"size":85.98446655273438,"orthographic":false}