{"cameraMode":{"drawMode":0,"name":"Shaded","section":"Shading Mode"},"sceneLighting":false,"audioPlay":false,"sceneViewState":{"showFog":true,"showMaterialUpdate":true,"showSkybox":false,"showFlares":true,"showImageEffects":true,"showParticleSystems":true},"in2DMode":false,"pivot":{"x":389.7920837402344,"y":-200.51962280273438,"z":-423.3944396972656},"rotation":{"x":-0.11616101861000061,"y":0.8520516157150269,"z":-0.21612291038036347,"w":-0.46306344866752627},"size":1720.3232421875,"orthographic":false}