{"cameraMode":{"drawMode":0,"name":"Shaded","section":"Shading Mode"},"sceneLighting":false,"audioPlay":false,"sceneViewState":{"showFog":true,"showMaterialUpdate":true,"showSkybox":false,"showFlares":true,"showImageEffects":true,"showParticleSystems":true},"in2DMode":false,"pivot":{"x":-1.2810001373291016,"y":0.9069821834564209,"z":-0.0340515673160553},"rotation":{"x":-0.036943405866622928,"y":0.9312666654586792,"z":-0.10162155330181122,"w":-0.3485705554485321},"size":1.4549413919448853,"orthographic":false}