{"cameraMode":{"drawMode":0,"name":"Shaded","section":"Shading Mode"},"sceneLighting":false,"audioPlay":false,"sceneViewState":{"showFog":true,"showMaterialUpdate":true,"showSkybox":false,"showFlares":true,"showImageEffects":true,"showParticleSystems":true},"in2DMode":false,"pivot":{"x":0.0004591941833496094,"y":1.3548882007598878,"z":-0.08311784267425537},"rotation":{"x":-0.036943405866622928,"y":0.9312666654586792,"z":-0.10162155330181122,"w":-0.3485705554485321},"size":2.5940065383911135,"orthographic":false}