{"cameraMode":{"drawMode":0,"name":"Shaded","section":"Shading Mode"},"sceneLighting":false,"audioPlay":false,"sceneViewState":{"showFog":true,"showMaterialUpdate":true,"showSkybox":false,"showFlares":true,"showImageEffects":true,"showParticleSystems":true},"in2DMode":false,"pivot":{"x":0.08654463291168213,"y":0.3448931574821472,"z":0.05394935607910156},"rotation":{"x":-0.1457468420267105,"y":0.17623108625411988,"z":-0.027471764013171197,"w":-0.9734304547309876},"size":0.6740245819091797,"orthographic":false}