{"cameraMode":{"drawMode":0,"name":"Shaded","section":"Shading Mode"},"sceneLighting":true,"audioPlay":false,"sceneViewState":{"showFog":true,"showMaterialUpdate":true,"showSkybox":true,"showFlares":true,"showImageEffects":true,"showParticleSystems":true},"in2DMode":false,"pivot":{"x":10.041385650634766,"y":2.6183199882507326,"z":12.264628410339356},"rotation":{"x":0.2191716730594635,"y":0.008743830025196076,"z":0.0011175662511959673,"w":0.9762652516365051},"size":0.25818943977355959,"orthographic":false}