{"cameraMode":{"drawMode":0,"name":"Shaded","section":"Shading Mode"},"sceneLighting":false,"audioPlay":false,"sceneViewState":{"showFog":true,"showMaterialUpdate":true,"showSkybox":false,"showFlares":true,"showImageEffects":true,"showParticleSystems":true},"in2DMode":false,"pivot":{"x":0.04359912872314453,"y":-0.00012969970703125,"z":16.371871948242189},"rotation":{"x":-0.1457468420267105,"y":0.17623108625411988,"z":-0.027471764013171197,"w":-0.9734304547309876},"size":30.7562255859375,"orthographic":false}