{"cameraMode":{"drawMode":0,"name":"Shaded","section":"Shading Mode"},"sceneLighting":false,"audioPlay":false,"sceneViewState":{"showFog":true,"showMaterialUpdate":true,"showSkybox":false,"showFlares":true,"showImageEffects":true,"showParticleSystems":true},"in2DMode":false,"pivot":{"x":0.0,"y":-6.234107971191406,"z":9.500335693359375},"rotation":{"x":-0.18036609888076783,"y":-0.34677326679229739,"z":0.06762512028217316,"w":-0.9181111454963684},"size":169.92715454101563,"orthographic":false}