{"cameraMode":{"drawMode":0,"name":"Shaded","section":"Shading Mode"},"sceneLighting":false,"audioPlay":false,"sceneViewState":{"showFog":true,"showMaterialUpdate":true,"showSkybox":false,"showFlares":true,"showImageEffects":true,"showParticleSystems":true},"in2DMode":false,"pivot":{"x":-7.450580596923828e-9,"y":0.13086679577827454,"z":0.0},"rotation":{"x":-0.1348549872636795,"y":0.027337731793522836,"z":-0.005026628728955984,"w":-0.9907922148704529},"size":0.20115014910697938,"orthographic":false}