{"cameraMode":{"drawMode":0,"name":"Shaded","section":"Shading Mode"},"sceneLighting":false,"audioPlay":false,"sceneViewState":{"showFog":true,"showMaterialUpdate":true,"showSkybox":false,"showFlares":true,"showImageEffects":true,"showParticleSystems":true},"in2DMode":false,"pivot":{"x":-0.6467690467834473,"y":0.7204987406730652,"z":-1.5255601406097413},"rotation":{"x":0.04386870935559273,"y":0.9528624415397644,"z":-0.16018027067184449,"w":0.25479868054389956},"size":1.4594389200210572,"orthographic":false}