{"cameraMode":{"drawMode":0,"name":"Shaded","section":"Shading Mode"},"sceneLighting":false,"audioPlay":false,"sceneViewState":{"showFog":true,"showMaterialUpdate":true,"showSkybox":false,"showFlares":true,"showImageEffects":true,"showParticleSystems":true},"in2DMode":false,"pivot":{"x":0.020807933062314988,"y":0.7161789536476135,"z":-1.1127885580062867},"rotation":{"x":-0.001606488018296659,"y":0.9929294586181641,"z":-0.11855173856019974,"w":-0.022011645138263704},"size":1.4581446647644044,"orthographic":false}