{"cameraMode":{"drawMode":0,"name":"Shaded","section":"Shading Mode"},"sceneLighting":false,"audioPlay":false,"sceneViewState":{"showFog":true,"showMaterialUpdate":true,"showSkybox":false,"showFlares":true,"showImageEffects":true,"showParticleSystems":true},"in2DMode":false,"pivot":{"x":3.9289703369140627,"y":19.358257293701173,"z":8.671327590942383},"rotation":{"x":-0.2574632465839386,"y":0.12760761380195619,"z":-0.03536156937479973,"w":-0.9574987888336182},"size":35.121849060058597,"orthographic":false}