{"cameraMode":{"drawMode":0,"name":"Shaded","section":"Shading Mode"},"sceneLighting":true,"audioPlay":false,"sceneViewState":{"showFog":true,"showMaterialUpdate":true,"showSkybox":true,"showFlares":true,"showImageEffects":true,"showParticleSystems":true},"in2DMode":false,"pivot":{"x":0.09680914878845215,"y":7.540687561035156,"z":-58.368648529052737},"rotation":{"x":-0.08800297230482102,"y":-0.21791063249111176,"z":0.013232225552201271,"w":-0.9727256298065186},"size":0.918558657169342,"orthographic":false}