{"cameraMode":{"drawMode":0,"name":"Shaded","section":"Shading Mode"},"sceneLighting":false,"audioPlay":false,"sceneViewState":{"showFog":true,"showMaterialUpdate":true,"showSkybox":true,"showFlares":true,"showImageEffects":true,"showParticleSystems":true},"in2DMode":false,"pivot":{"x":-2.615185260772705,"y":2.9889564514160158,"z":-3.9189257621765138},"rotation":{"x":0.10792707651853562,"y":0.07601325213909149,"z":-0.006905034184455872,"w":0.9915834069252014},"size":0.3757086396217346,"orthographic":false}