{"cameraMode":{"drawMode":0,"name":"Shaded","section":"Shading Mode"},"sceneLighting":false,"audioPlay":false,"sceneViewState":{"showFog":true,"showMaterialUpdate":true,"showSkybox":false,"showFlares":true,"showImageEffects":true,"showParticleSystems":true},"in2DMode":false,"pivot":{"x":-0.5114830732345581,"y":1.5321911573410035,"z":0.23336443305015565},"rotation":{"x":-0.012429388239979744,"y":0.9853661060333252,"z":-0.14479906857013703,"w":-0.09159895032644272},"size":2.4398410320281984,"orthographic":false}