{"cameraMode":{"drawMode":0,"name":"Shaded","section":"Shading Mode"},"sceneLighting":false,"audioPlay":false,"sceneViewState":{"showFog":true,"showMaterialUpdate":true,"showSkybox":false,"showFlares":true,"showImageEffects":true,"showParticleSystems":true},"in2DMode":false,"pivot":{"x":0.014635242521762848,"y":1.0293680429458619,"z":-1.0049604177474976},"rotation":{"x":-0.0026694119442254307,"y":0.9953118562698364,"z":-0.09168636798858643,"w":-0.04118269681930542},"size":1.309138536453247,"orthographic":false}