{"cameraMode":{"drawMode":0,"name":"Shaded","section":"Shading Mode"},"sceneLighting":false,"audioPlay":false,"sceneViewState":{"showFog":true,"showMaterialUpdate":true,"showSkybox":false,"showFlares":true,"showImageEffects":true,"showParticleSystems":true},"in2DMode":false,"pivot":{"x":-1.0778664350509644,"y":0.48888957500457766,"z":-2.1198129653930666},"rotation":{"x":0.012466510757803917,"y":0.9886248111724854,"z":-0.09838858991861344,"w":0.11505347490310669},"size":2.9619483947753908,"orthographic":false}