{"cameraMode":{"drawMode":0,"name":"Shaded","section":"Shading Mode"},"sceneLighting":true,"audioPlay":false,"sceneViewState":{"showFog":true,"showMaterialUpdate":true,"showSkybox":true,"showFlares":true,"showImageEffects":true,"showParticleSystems":true},"in2DMode":false,"pivot":{"x":2.9587159156799318,"y":-0.8481135964393616,"z":-0.3763648271560669},"rotation":{"x":-0.17731855809688569,"y":-0.5685033798217773,"z":0.12613439559936524,"w":-0.7936508059501648},"size":3.86602520942688,"orthographic":false}