{"cameraMode":{"drawMode":0,"name":"Shaded","section":"Shading Mode"},"sceneLighting":false,"audioPlay":false,"sceneViewState":{"showFog":true,"showMaterialUpdate":true,"showSkybox":false,"showFlares":true,"showImageEffects":true,"showParticleSystems":true},"in2DMode":false,"pivot":{"x":0.14388322830200196,"y":-0.01968371868133545,"z":0.4487365484237671},"rotation":{"x":-0.1117093488574028,"y":-0.8014031052589417,"z":0.15517598390579225,"w":-0.567370593547821},"size":0.4158956706523895,"orthographic":false}