{"cameraMode":{"drawMode":0,"name":"Shaded","section":"Shading Mode"},"sceneLighting":false,"audioPlay":false,"sceneViewState":{"showFog":true,"showMaterialUpdate":true,"showSkybox":false,"showFlares":true,"showImageEffects":true,"showParticleSystems":true},"in2DMode":false,"pivot":{"x":-0.07731078565120697,"y":0.031422168016433719,"z":-0.0017805397510528565},"rotation":{"x":-0.09470540285110474,"y":0.8764117956161499,"z":-0.19428673386573792,"w":-0.43082356452941897},"size":0.2442360371351242,"orthographic":false}