{"cameraMode":{"drawMode":0,"name":"Shaded","section":"Shading Mode"},"sceneLighting":false,"audioPlay":false,"sceneViewState":{"showFog":true,"showMaterialUpdate":true,"showSkybox":false,"showFlares":true,"showImageEffects":true,"showParticleSystems":true},"in2DMode":false,"pivot":{"x":-0.07238507270812988,"y":0.8317493200302124,"z":-0.6856211423873901},"rotation":{"x":-0.2574632465839386,"y":0.12760761380195619,"z":-0.03536156937479973,"w":-0.9574987888336182},"size":2.796309471130371,"orthographic":false}