{"cameraMode":{"drawMode":0,"name":"Shaded","section":"Shading Mode"},"sceneLighting":false,"audioPlay":false,"sceneViewState":{"showFog":true,"showMaterialUpdate":true,"showSkybox":false,"showFlares":true,"showImageEffects":true,"showParticleSystems":true},"in2DMode":false,"pivot":{"x":-1.9777450561523438,"y":-0.8459027409553528,"z":-14.969545364379883},"rotation":{"x":-0.012099228799343109,"y":0.9690757393836975,"z":-0.24216647446155549,"w":-0.05340335890650749},"size":8.20835018157959,"orthographic":false}