{"cameraMode":{"drawMode":0,"name":"Shaded","section":"Shading Mode"},"sceneLighting":true,"audioPlay":false,"sceneViewState":{"showFog":true,"showMaterialUpdate":true,"showSkybox":true,"showFlares":true,"showImageEffects":true,"showParticleSystems":true},"in2DMode":false,"pivot":{"x":7.753622055053711,"y":-7.769627094268799,"z":12.540684700012207},"rotation":{"x":-0.2189110368490219,"y":-0.22834056615829469,"z":0.05166091397404671,"w":-0.9474819302558899},"size":10.344621658325196,"orthographic":false}