{"cameraMode":{"drawMode":0,"name":"Shaded","section":"Shading Mode"},"sceneLighting":false,"audioPlay":false,"sceneViewState":{"showFog":true,"showMaterialUpdate":true,"showSkybox":false,"showFlares":true,"showImageEffects":true,"showParticleSystems":true},"in2DMode":false,"pivot":{"x":-0.09528756141662598,"y":1.385991096496582,"z":0.021871447563171388},"rotation":{"x":-0.1457468420267105,"y":0.17623108625411988,"z":-0.027471764013171197,"w":-0.9734304547309876},"size":2.0974953174591066,"orthographic":false}