{"cameraMode":{"drawMode":0,"name":"Shaded","section":"Shading Mode"},"sceneLighting":false,"audioPlay":false,"sceneViewState":{"showFog":true,"showMaterialUpdate":true,"showSkybox":false,"showFlares":true,"showImageEffects":true,"showParticleSystems":true},"in2DMode":false,"pivot":{"x":-1.5762348175048829,"y":1.0295413732528687,"z":-1.917276382446289},"rotation":{"x":-0.0039612241089344028,"y":0.9944121837615967,"z":-0.052659109234809878,"w":-0.09384822100400925},"size":1.4619486331939698,"orthographic":false}