{"cameraMode":{"drawMode":0,"name":"Shaded","section":"Shading Mode"},"sceneLighting":false,"audioPlay":false,"sceneViewState":{"showFog":true,"showMaterialUpdate":true,"showSkybox":true,"showFlares":true,"showImageEffects":true,"showParticleSystems":true},"in2DMode":false,"pivot":{"x":0.2958384156227112,"y":-0.13373929262161256,"z":1.6286959648132325},"rotation":{"x":-0.2862033545970917,"y":0.0793163850903511,"z":-0.025120459496974946,"w":-0.9548831582069397},"size":0.07570864260196686,"orthographic":false}