{"cameraMode":{"drawMode":0,"name":"Shaded","section":"Shading Mode"},"sceneLighting":false,"audioPlay":false,"sceneViewState":{"showFog":true,"showMaterialUpdate":true,"showSkybox":false,"showFlares":true,"showImageEffects":true,"showParticleSystems":true},"in2DMode":false,"pivot":{"x":-5.599067687988281,"y":-3.994720458984375,"z":-0.315185546875},"rotation":{"x":-0.10192689299583435,"y":0.6934407949447632,"z":-0.10152172297239304,"w":-0.7064450979232788},"size":47.37921142578125,"orthographic":false}