{"cameraMode":{"drawMode":0,"name":"Shaded","section":"Shading Mode"},"sceneLighting":false,"audioPlay":false,"sceneViewState":{"showFog":true,"showMaterialUpdate":true,"showSkybox":false,"showFlares":true,"showImageEffects":true,"showParticleSystems":true},"in2DMode":false,"pivot":{"x":1.0618398189544678,"y":-0.1944219022989273,"z":-3.015733003616333},"rotation":{"x":0.04311521723866463,"y":0.9405485987663269,"z":-0.12628887593746186,"w":0.31306612491607668},"size":3.274096727371216,"orthographic":false}