{"cameraMode":{"drawMode":0,"name":"Shaded","section":"Shading Mode"},"sceneLighting":false,"audioPlay":false,"sceneViewState":{"showFog":true,"showMaterialUpdate":true,"showSkybox":false,"showFlares":true,"showImageEffects":true,"showParticleSystems":true},"in2DMode":false,"pivot":{"x":-1.055858850479126,"y":0.7410324215888977,"z":-0.7246937155723572},"rotation":{"x":0.014107304625213147,"y":0.9845231771469116,"z":-0.1550731509923935,"w":0.08319288492202759},"size":1.4589173793792725,"orthographic":false}