{"cameraMode":{"drawMode":0,"name":"Shaded","section":"Shading Mode"},"sceneLighting":false,"audioPlay":false,"sceneViewState":{"showFog":true,"showMaterialUpdate":true,"showSkybox":false,"showFlares":true,"showImageEffects":true,"showParticleSystems":true},"in2DMode":false,"pivot":{"x":-25.819610595703126,"y":-84.23854064941406,"z":100.1822280883789},"rotation":{"x":-0.33185896277427676,"y":0.11180675029754639,"z":-0.04080851003527641,"w":-0.9361263513565064},"size":69.3550796508789,"orthographic":false}