{"cameraMode":{"drawMode":0,"name":"Shaded","section":"Shading Mode"},"sceneLighting":false,"audioPlay":false,"sceneViewState":{"showFog":true,"showMaterialUpdate":true,"showSkybox":false,"showFlares":true,"showImageEffects":true,"showParticleSystems":true},"in2DMode":false,"pivot":{"x":-0.002793431282043457,"y":0.933234453201294,"z":0.04926551878452301},"rotation":{"x":-0.10192689299583435,"y":0.6934407949447632,"z":-0.10152172297239304,"w":-0.7064450979232788},"size":2.63484263420105,"orthographic":false}