{"cameraMode":{"drawMode":0,"name":"Shaded","section":"Shading Mode"},"sceneLighting":false,"audioPlay":false,"sceneViewState":{"showFog":true,"showMaterialUpdate":true,"showSkybox":true,"showFlares":true,"showImageEffects":true,"showParticleSystems":true},"in2DMode":false,"pivot":{"x":-268.71563720703127,"y":-244.2747039794922,"z":-78.58247375488281},"rotation":{"x":-0.2126755714416504,"y":0.7414541244506836,"z":-0.279622882604599,"w":-0.5724015235900879},"size":201.08026123046876,"orthographic":false}