{"cameraMode":{"drawMode":0,"name":"Shaded","section":"Shading Mode"},"sceneLighting":false,"audioPlay":false,"sceneViewState":{"showFog":true,"showMaterialUpdate":true,"showSkybox":false,"showFlares":true,"showImageEffects":true,"showParticleSystems":true},"in2DMode":false,"pivot":{"x":1.2757017612457276,"y":9.229446411132813,"z":-34.21290969848633},"rotation":{"x":-0.26912251114845278,"y":0.07405803352594376,"z":-0.021849174052476884,"w":-0.9603297114372253},"size":8.106497764587403,"orthographic":false}