{"cameraMode":{"drawMode":0,"name":"Shaded","section":"Shading Mode"},"sceneLighting":true,"audioPlay":false,"sceneViewState":{"showFog":true,"showMaterialUpdate":true,"showSkybox":true,"showFlares":true,"showImageEffects":true,"showParticleSystems":true},"in2DMode":false,"pivot":{"x":-3.0940117835998537,"y":1.379775047302246,"z":32.13570785522461},"rotation":{"x":0.11397632211446762,"y":-0.027062781155109407,"z":0.007273213937878609,"w":0.9937006831169128},"size":1.7581894397735596,"orthographic":false}