{"cameraMode":{"drawMode":0,"name":"Shaded","section":"Shading Mode"},"sceneLighting":false,"audioPlay":false,"sceneViewState":{"showFog":true,"showMaterialUpdate":true,"showSkybox":false,"showFlares":true,"showImageEffects":true,"showParticleSystems":true},"in2DMode":false,"pivot":{"x":-1.4937565326690674,"y":0.5167773962020874,"z":-1.7568814754486085},"rotation":{"x":0.009266048669815064,"y":0.9910984039306641,"z":-0.1137155145406723,"w":0.07182112336158753},"size":1.4661269187927247,"orthographic":false}