{"cameraMode":{"drawMode":0,"name":"Shaded","section":"Shading Mode"},"sceneLighting":false,"audioPlay":false,"sceneViewState":{"showFog":true,"showMaterialUpdate":true,"showSkybox":false,"showFlares":true,"showImageEffects":true,"showParticleSystems":true},"in2DMode":false,"pivot":{"x":-0.7358503341674805,"y":-0.07291948795318604,"z":-1.9443485736846924},"rotation":{"x":-0.13648675382137299,"y":0.6542930603027344,"z":-0.1231335699558258,"w":-0.7339813709259033},"size":2.1635000705718996,"orthographic":false}