{"cameraMode":{"drawMode":0,"name":"Shaded","section":"Shading Mode"},"sceneLighting":false,"audioPlay":false,"sceneViewState":{"showFog":true,"showMaterialUpdate":true,"showSkybox":false,"showFlares":true,"showImageEffects":true,"showParticleSystems":true},"in2DMode":false,"pivot":{"x":-1.152935266494751,"y":1.7707942724227906,"z":-1.3661013841629029},"rotation":{"x":-0.0023925446439534427,"y":0.9968767166137695,"z":0.055129606276750568,"w":0.06039365008473396},"size":1.4634413719177247,"orthographic":false}