{"cameraMode":{"drawMode":0,"name":"Shaded","section":"Shading Mode"},"sceneLighting":false,"audioPlay":false,"sceneViewState":{"showFog":true,"showMaterialUpdate":true,"showSkybox":false,"showFlares":true,"showImageEffects":true,"showParticleSystems":true},"in2DMode":false,"pivot":{"x":0.0,"y":0.000030517578125,"z":-225.0000457763672},"rotation":{"x":-0.26912251114845278,"y":0.07405803352594376,"z":-0.021849174052476884,"w":-0.9603297114372253},"size":448.7476806640625,"orthographic":false}