{"cameraMode":{"drawMode":0,"name":"Shaded","section":"Shading Mode"},"sceneLighting":false,"audioPlay":false,"sceneViewState":{"showFog":true,"showMaterialUpdate":true,"showSkybox":false,"showFlares":true,"showImageEffects":true,"showParticleSystems":true},"in2DMode":false,"pivot":{"x":-0.6876600384712219,"y":3.0176682472229006,"z":0.36777931451797488},"rotation":{"x":0.12946593761444093,"y":0.6475814580917358,"z":-0.11101321130990982,"w":0.7431643009185791},"size":0.9191492199897766,"orthographic":false}