{"cameraMode":{"drawMode":0,"name":"Shaded","section":"Shading Mode"},"sceneLighting":false,"audioPlay":false,"sceneViewState":{"showFog":true,"showMaterialUpdate":true,"showSkybox":false,"showFlares":true,"showImageEffects":true,"showParticleSystems":true},"in2DMode":false,"pivot":{"x":61.4794921875,"y":-81.37016296386719,"z":35.10163116455078},"rotation":{"x":-0.04391862824559212,"y":0.8969155550003052,"z":-0.4303795397281647,"w":-0.09337961673736572},"size":324.4437255859375,"orthographic":false}