{"cameraMode":{"drawMode":0,"name":"Shaded","section":"Shading Mode"},"sceneLighting":false,"audioPlay":false,"sceneViewState":{"showFog":true,"showMaterialUpdate":true,"showSkybox":true,"showFlares":true,"showImageEffects":true,"showParticleSystems":true},"in2DMode":false,"pivot":{"x":-464.58514404296877,"y":-302.642333984375,"z":-48.00000762939453},"rotation":{"x":-0.19810345768928529,"y":0.6997607350349426,"z":-0.2159883975982666,"w":-0.6521245837211609},"size":314.6317138671875,"orthographic":false}