{"cameraMode":{"drawMode":0,"name":"Shaded","section":"Shading Mode"},"sceneLighting":false,"audioPlay":false,"sceneViewState":{"showFog":true,"showMaterialUpdate":true,"showSkybox":false,"showFlares":true,"showImageEffects":true,"showParticleSystems":true},"in2DMode":false,"pivot":{"x":0.03208845853805542,"y":0.02326221764087677,"z":0.3047131299972534},"rotation":{"x":-0.1161205992102623,"y":0.5668938159942627,"z":-0.08238150924444199,"w":-0.8117764592170715},"size":0.4056708514690399,"orthographic":false}