{"cameraMode":{"drawMode":0,"name":"Shaded","section":"Shading Mode"},"sceneLighting":false,"audioPlay":false,"sceneViewState":{"showFog":true,"showMaterialUpdate":true,"showSkybox":false,"showFlares":true,"showImageEffects":true,"showParticleSystems":true},"in2DMode":false,"pivot":{"x":-1.2038782835006714,"y":0.6200426816940308,"z":-1.6561864614486695},"rotation":{"x":0.0000731104810256511,"y":0.994162917137146,"z":-0.10961972177028656,"w":-0.008605298586189747},"size":1.4740970134735108,"orthographic":false}