{"cameraMode":{"drawMode":0,"name":"Shaded","section":"Shading Mode"},"sceneLighting":false,"audioPlay":false,"sceneViewState":{"showFog":true,"showMaterialUpdate":true,"showSkybox":false,"showFlares":true,"showImageEffects":true,"showParticleSystems":true},"in2DMode":false,"pivot":{"x":0.7072677612304688,"y":3.2372093200683595,"z":-1.5794525146484376},"rotation":{"x":-0.1457468420267105,"y":0.17623108625411988,"z":-0.027471764013171197,"w":-0.9734304547309876},"size":50.40764236450195,"orthographic":false}