{"cameraMode":{"drawMode":0,"name":"Shaded","section":"Shading Mode"},"sceneLighting":false,"audioPlay":false,"sceneViewState":{"showFog":true,"showMaterialUpdate":true,"showSkybox":false,"showFlares":true,"showImageEffects":true,"showParticleSystems":true},"in2DMode":false,"pivot":{"x":-13.855338096618653,"y":0.6322448253631592,"z":-0.6177451014518738},"rotation":{"x":-0.06752637773752213,"y":0.895674467086792,"z":-0.14848631620407105,"w":-0.414264053106308},"size":1.4341228008270264,"orthographic":false}