{"cameraMode":{"drawMode":0,"name":"Shaded","section":"Shading Mode"},"sceneLighting":false,"audioPlay":false,"sceneViewState":{"showFog":true,"showMaterialUpdate":true,"showSkybox":false,"showFlares":true,"showImageEffects":true,"showParticleSystems":true},"in2DMode":false,"pivot":{"x":-115.73258209228516,"y":-71.00862884521485,"z":1.3802324533462525},"rotation":{"x":-0.19093284010887147,"y":0.681505024433136,"z":-0.1929544359445572,"w":-0.6800701022148132},"size":74.44461059570313,"orthographic":false}