{"cameraMode":{"drawMode":0,"name":"Shaded","section":"Shading Mode"},"sceneLighting":false,"audioPlay":false,"sceneViewState":{"showFog":true,"showMaterialUpdate":true,"showSkybox":false,"showFlares":true,"showImageEffects":true,"showParticleSystems":true},"in2DMode":false,"pivot":{"x":-2.422124147415161,"y":0.6735000014305115,"z":-0.6508831977844238},"rotation":{"x":-0.040517110377550128,"y":0.9553847908973694,"z":-0.16258561611175538,"w":-0.24416546523571015},"size":1.4589173793792725,"orthographic":false}