{"cameraMode":{"drawMode":0,"name":"Shaded","section":"Shading Mode"},"sceneLighting":false,"audioPlay":false,"sceneViewState":{"showFog":true,"showMaterialUpdate":true,"showSkybox":false,"showFlares":true,"showImageEffects":true,"showParticleSystems":true},"in2DMode":false,"pivot":{"x":-0.009245991706848145,"y":0.11625717580318451,"z":0.04785172641277313},"rotation":{"x":-0.042311713099479678,"y":-0.010968624614179135,"z":-0.00027940329164266586,"w":-0.9992371797561646},"size":0.23482799530029298,"orthographic":false}