{"cameraMode":{"drawMode":0,"name":"Shaded","section":"Shading Mode"},"sceneLighting":false,"audioPlay":false,"sceneViewState":{"showFog":true,"showMaterialUpdate":true,"showSkybox":false,"showFlares":true,"showImageEffects":true,"showParticleSystems":true},"in2DMode":false,"pivot":{"x":0.0,"y":-0.07494278997182846,"z":0.00789811834692955},"rotation":{"x":-0.26912251114845278,"y":0.07405803352594376,"z":-0.021849174052476884,"w":-0.9603297114372253},"size":0.32570645213127139,"orthographic":false}