{"cameraMode":{"drawMode":0,"name":"Shaded","section":"Shading Mode"},"sceneLighting":false,"audioPlay":false,"sceneViewState":{"showFog":true,"showMaterialUpdate":true,"showSkybox":true,"showFlares":true,"showImageEffects":true,"showParticleSystems":true},"in2DMode":false,"pivot":{"x":6.162150859832764,"y":0.6536974310874939,"z":-9.167490005493164},"rotation":{"x":-0.047641292214393619,"y":-0.8771249055862427,"z":0.0768648311495781,"w":-0.47354838252067568},"size":2.78660249710083,"orthographic":false}