{"cameraMode":{"drawMode":0,"name":"Shaded","section":"Shading Mode"},"sceneLighting":false,"audioPlay":false,"sceneViewState":{"showFog":true,"showMaterialUpdate":true,"showSkybox":false,"showFlares":true,"showImageEffects":true,"showParticleSystems":true},"in2DMode":false,"pivot":{"x":1.6926344633102418,"y":2.253509521484375,"z":1.1927452087402344},"rotation":{"x":-0.2574632465839386,"y":0.12760761380195619,"z":-0.03536156937479973,"w":-0.9574987888336182},"size":5.072384834289551,"orthographic":false}