{"cameraMode":{"drawMode":0,"name":"Shaded","section":"Shading Mode"},"sceneLighting":false,"audioPlay":false,"sceneViewState":{"showFog":true,"showMaterialUpdate":true,"showSkybox":false,"showFlares":true,"showImageEffects":true,"showParticleSystems":true},"in2DMode":false,"pivot":{"x":-0.0518399216234684,"y":0.024798359721899034,"z":0.0},"rotation":{"x":-0.17343775928020478,"y":0.016777796670794488,"z":-0.004276977851986885,"w":-0.9850112199783325},"size":0.2118474394083023,"orthographic":false}